{
    "CarShop": {
      "Boat": {
        "Position": {
          "x": -729,
          "y": -1361,
          "z": 0.05,
          "rz": 136
        },
        "Marker": {
          "x": -815.93,
          "y": -1346.3,
          "z": 5.15
        },
        "Park": {
          "0":{"x":-725.33,"y":-1325.299,"z":0.11,"rz":228.29},
          "1":{"x":-727.42,"y":-1329.044,"z":0.11,"rz":230.54},
          "2":{"x":-729.79,"y":-1333.469,"z":0.11,"rz":230.29},
          "3":{"x":-731.4,"y":-1332.34,"z":0.11,"rz":228.29},
          "4":{"x":-734.63,"y":-1334.34,"z":0.11,"rz":228.29},
          "5":{"x":-738.73,"y":-1342.34,"z":0.11,"rz":228.29}
        },
        "Blip": 427,
        "Class": [ 14 ],
        "Name": "Boat Shop"
      },
      "CarPoor": {
        "Position": {
          "x": -44.94,
          "y": -1114.59,
          "z": 26.017,
          "rz": -122.56
        },
        "Marker": {
          "x": -38.86,
          "y": -1109.9,
          "z": 26.43
        },
        "Park": {
          "0": {"x":-61.97,"y":-1117.08,"z":26.0147, "rz": 1.30},
          "1": {"x":-59.161,"y":-1116.92,"z":26.016,"rz":1.85}
        },
        "Blip": 225,
        "Name": "Low Budget Car Shop",
        "Class": [3,1,2,4]
      },
      "Helicopter": {
        "Position": {
          "x": -733.88,
          "y": -1457.3,
          "z": 6.345,
          "rz": -48.8759
        },
        "Marker": {
          "x": -701.14587,
          "y": -1418.4813,
          "z": 5.00
        },
        "Park": {
          "0": {"x":-722.856,"y":-1442.1547,"z":6.359, "rz": 136.354766},
          "1": {"x":-744.63,"y":-1468.3011,"z":6.34,"rz":141.220}
        },
        "Blip": 43,
        "Name": "Helicopter Shop",
        "Class": [15]
      }
    }
  }